"case_id","month_id","month_start","case_label","spatial_definition","political_violence","civilian_targeting","homicides","terrorism","extortion","total_events","source_count","treatment","clash_dummy"
"buenaventura","2018-01",2018-01-01,"Buenaventura","Municipality only",2,2,4,0,7,15,5,0,0
"buenaventura","2018-02",2018-02-01,"Buenaventura","Municipality only",1,1,3,0,12,17,5,0,0
"buenaventura","2018-03",2018-03-01,"Buenaventura","Municipality only",0,0,1,0,5,6,5,0,0
"buenaventura","2018-04",2018-04-01,"Buenaventura","Municipality only",2,1,3,0,12,18,5,0,0
"buenaventura","2018-05",2018-05-01,"Buenaventura","Municipality only",4,3,5,0,3,15,5,0,0
"buenaventura","2018-06",2018-06-01,"Buenaventura","Municipality only",3,3,3,0,9,18,5,0,0
"buenaventura","2018-07",2018-07-01,"Buenaventura","Municipality only",2,1,9,4,12,28,5,0,0
"buenaventura","2018-08",2018-08-01,"Buenaventura","Municipality only",0,0,2,0,9,11,5,0,0
"buenaventura","2018-09",2018-09-01,"Buenaventura","Municipality only",1,1,2,0,7,11,5,0,0
"buenaventura","2018-10",2018-10-01,"Buenaventura","Municipality only",0,0,9,3,5,17,5,0,0
"buenaventura","2018-11",2018-11-01,"Buenaventura","Municipality only",1,0,10,0,4,15,5,0,0
"buenaventura","2018-12",2018-12-01,"Buenaventura","Municipality only",1,1,16,0,5,23,5,0,0
"buenaventura","2019-01",2019-01-01,"Buenaventura","Municipality only",1,0,6,0,10,17,5,0,0
"buenaventura","2019-02",2019-02-01,"Buenaventura","Municipality only",0,0,6,0,10,16,5,0,0
"buenaventura","2019-03",2019-03-01,"Buenaventura","Municipality only",2,0,8,0,7,17,5,0,0
"buenaventura","2019-04",2019-04-01,"Buenaventura","Municipality only",0,0,8,0,6,14,5,0,0
"buenaventura","2019-05",2019-05-01,"Buenaventura","Municipality only",0,0,10,0,11,21,5,0,0
"buenaventura","2019-06",2019-06-01,"Buenaventura","Municipality only",2,2,15,0,6,25,5,0,0
"buenaventura","2019-07",2019-07-01,"Buenaventura","Municipality only",3,1,11,0,6,21,5,0,0
"buenaventura","2019-08",2019-08-01,"Buenaventura","Municipality only",0,0,9,0,15,24,5,0,0
"buenaventura","2019-09",2019-09-01,"Buenaventura","Municipality only",0,0,7,0,16,23,5,0,0
"buenaventura","2019-10",2019-10-01,"Buenaventura","Municipality only",0,0,4,1,7,12,5,0,0
"buenaventura","2019-11",2019-11-01,"Buenaventura","Municipality only",1,1,7,0,14,23,5,0,0
"buenaventura","2019-12",2019-12-01,"Buenaventura","Municipality only",0,0,6,0,11,17,5,0,0
"buenaventura","2020-01",2020-01-01,"Buenaventura","Municipality only",1,0,4,0,10,15,5,0,0
"buenaventura","2020-02",2020-02-01,"Buenaventura","Municipality only",2,2,6,0,10,20,5,0,0
"buenaventura","2020-03",2020-03-01,"Buenaventura","Municipality only",2,1,1,0,3,7,5,0,0
"buenaventura","2020-04",2020-04-01,"Buenaventura","Municipality only",0,0,9,0,5,14,5,0,0
"buenaventura","2020-05",2020-05-01,"Buenaventura","Municipality only",0,0,5,1,2,8,5,0,0
"buenaventura","2020-06",2020-06-01,"Buenaventura","Municipality only",0,0,7,0,4,11,5,0,0
"buenaventura","2020-07",2020-07-01,"Buenaventura","Municipality only",1,0,5,0,13,19,5,0,0
"buenaventura","2020-08",2020-08-01,"Buenaventura","Municipality only",1,0,4,0,6,11,5,0,0
"buenaventura","2020-09",2020-09-01,"Buenaventura","Municipality only",2,2,12,0,7,23,5,0,0
"buenaventura","2020-10",2020-10-01,"Buenaventura","Municipality only",0,0,6,0,7,13,5,0,0
"buenaventura","2020-11",2020-11-01,"Buenaventura","Municipality only",1,1,3,0,11,16,5,0,0
"buenaventura","2020-12",2020-12-01,"Buenaventura","Municipality only",3,2,11,0,23,39,5,0,1
"buenaventura","2021-01",2021-01-01,"Buenaventura","Municipality only",0,0,21,0,32,53,5,0,1
"buenaventura","2021-02",2021-02-01,"Buenaventura","Municipality only",5,4,8,0,17,34,5,0,1
"buenaventura","2021-03",2021-03-01,"Buenaventura","Municipality only",0,0,8,2,9,19,5,0,1
"buenaventura","2021-04",2021-04-01,"Buenaventura","Municipality only",1,1,16,0,8,26,5,0,1
"buenaventura","2021-05",2021-05-01,"Buenaventura","Municipality only",6,6,18,3,13,46,5,0,1
"buenaventura","2021-06",2021-06-01,"Buenaventura","Municipality only",4,2,13,0,14,33,5,0,1
"buenaventura","2021-07",2021-07-01,"Buenaventura","Municipality only",4,4,25,0,21,54,5,0,1
"buenaventura","2021-08",2021-08-01,"Buenaventura","Municipality only",2,1,13,0,35,51,5,0,1
"buenaventura","2021-09",2021-09-01,"Buenaventura","Municipality only",1,1,10,0,16,28,5,0,1
"buenaventura","2021-10",2021-10-01,"Buenaventura","Municipality only",8,3,15,4,21,51,5,0,1
"buenaventura","2021-11",2021-11-01,"Buenaventura","Municipality only",6,4,13,0,22,45,5,0,1
"buenaventura","2021-12",2021-12-01,"Buenaventura","Municipality only",1,0,12,0,32,45,5,0,1
"buenaventura","2022-01",2022-01-01,"Buenaventura","Municipality only",13,9,14,0,25,61,5,0,1
"buenaventura","2022-02",2022-02-01,"Buenaventura","Municipality only",13,11,13,0,23,60,5,0,1
"buenaventura","2022-03",2022-03-01,"Buenaventura","Municipality only",9,8,13,0,33,63,5,0,1
"buenaventura","2022-04",2022-04-01,"Buenaventura","Municipality only",5,3,10,0,31,49,5,0,1
"buenaventura","2022-05",2022-05-01,"Buenaventura","Municipality only",3,1,9,2,24,39,5,0,1
"buenaventura","2022-06",2022-06-01,"Buenaventura","Municipality only",9,7,7,0,14,37,5,0,1
"buenaventura","2022-07",2022-07-01,"Buenaventura","Municipality only",5,3,9,0,17,34,5,0,1
"buenaventura","2022-08",2022-08-01,"Buenaventura","Municipality only",0,0,14,0,22,36,5,0,1
"buenaventura","2022-09",2022-09-01,"Buenaventura","Municipality only",1,0,1,0,16,18,5,1,0
"buenaventura","2022-10",2022-10-01,"Buenaventura","Municipality only",3,1,3,0,15,22,5,1,0
"buenaventura","2022-11",2022-11-01,"Buenaventura","Municipality only",5,2,1,0,15,23,5,1,0
"buenaventura","2022-12",2022-12-01,"Buenaventura","Municipality only",2,1,2,0,22,27,5,1,0
"buenaventura","2023-01",2023-01-01,"Buenaventura","Municipality only",6,0,8,0,16,30,5,1,0
"buenaventura","2023-02",2023-02-01,"Buenaventura","Municipality only",1,0,1,0,5,7,5,1,0
"buenaventura","2023-03",2023-03-01,"Buenaventura","Municipality only",1,1,2,0,21,25,5,1,0
"buenaventura","2023-04",2023-04-01,"Buenaventura","Municipality only",3,0,10,0,10,23,5,1,0
"buenaventura","2023-05",2023-05-01,"Buenaventura","Municipality only",3,2,16,0,22,43,5,1,0
"buenaventura","2023-06",2023-06-01,"Buenaventura","Municipality only",2,2,15,0,9,28,5,1,0
"buenaventura","2023-07",2023-07-01,"Buenaventura","Municipality only",2,1,18,1,10,32,5,1,0
"buenaventura","2023-08",2023-08-01,"Buenaventura","Municipality only",2,1,4,0,21,28,5,1,0
"buenaventura","2023-09",2023-09-01,"Buenaventura","Municipality only",0,0,4,0,12,16,5,1,0
"buenaventura","2023-10",2023-10-01,"Buenaventura","Municipality only",3,2,9,1,9,24,5,1,0
"buenaventura","2023-11",2023-11-01,"Buenaventura","Municipality only",5,2,18,0,8,33,5,1,0
"buenaventura","2023-12",2023-12-01,"Buenaventura","Municipality only",6,0,13,1,15,35,5,1,0
"buenaventura","2024-01",2024-01-01,"Buenaventura","Municipality only",4,2,6,0,9,21,5,1,0
"buenaventura","2024-02",2024-02-01,"Buenaventura","Municipality only",0,0,3,0,21,24,5,1,0
"buenaventura","2024-03",2024-03-01,"Buenaventura","Municipality only",0,0,8,1,9,18,5,1,0
"buenaventura","2024-04",2024-04-01,"Buenaventura","Municipality only",1,1,9,0,16,27,5,1,0
"buenaventura","2024-05",2024-05-01,"Buenaventura","Municipality only",1,1,8,1,18,29,5,1,0
"buenaventura","2024-06",2024-06-01,"Buenaventura","Municipality only",1,0,3,2,16,22,5,1,0
"buenaventura","2024-07",2024-07-01,"Buenaventura","Municipality only",1,0,5,1,17,24,5,1,0
"buenaventura","2024-08",2024-08-01,"Buenaventura","Municipality only",0,0,2,0,13,15,5,1,0
"buenaventura","2024-09",2024-09-01,"Buenaventura","Municipality only",1,0,4,0,10,15,5,1,0
"buenaventura","2024-10",2024-10-01,"Buenaventura","Municipality only",0,0,2,0,7,9,5,1,0
"buenaventura","2024-11",2024-11-01,"Buenaventura","Municipality only",1,0,8,0,5,14,5,1,0
"buenaventura","2024-12",2024-12-01,"Buenaventura","Municipality only",2,2,4,1,15,24,5,1,1
"buenaventura","2025-01",2025-01-01,"Buenaventura","Municipality only",4,0,14,2,12,32,5,1,1
"buenaventura","2025-02",2025-02-01,"Buenaventura","Municipality only",1,1,12,2,14,30,5,1,1
"buenaventura","2025-03",2025-03-01,"Buenaventura","Municipality only",1,0,19,2,5,27,5,1,1
"buenaventura","2025-04",2025-04-01,"Buenaventura","Municipality only",4,3,7,3,13,30,5,1,1
"buenaventura","2025-05",2025-05-01,"Buenaventura","Municipality only",0,0,6,0,8,14,5,1,1
"buenaventura","2025-06",2025-06-01,"Buenaventura","Municipality only",4,2,12,6,5,29,5,1,1
"buenaventura","2025-07",2025-07-01,"Buenaventura","Municipality only",2,1,13,5,10,31,5,1,1
"buenaventura","2025-08",2025-08-01,"Buenaventura","Municipality only",4,1,11,1,7,24,5,1,1
"buenaventura","2025-09",2025-09-01,"Buenaventura","Municipality only",11,9,11,1,8,40,5,1,1
"buenaventura","2025-10",2025-10-01,"Buenaventura","Municipality only",4,1,1,5,10,21,5,1,1
"buenaventura","2025-11",2025-11-01,"Buenaventura","Municipality only",2,1,6,3,11,23,5,1,1
"buenaventura","2025-12",2025-12-01,"Buenaventura","Municipality only",0,0,2,2,9,13,5,1,1
"buenaventura","2026-01",2026-01-01,"Buenaventura","Municipality only",1,1,5,0,5,12,5,0,0
"buenaventura","2026-02",2026-02-01,"Buenaventura","Municipality only",1,1,6,2,9,19,5,0,0
"buenaventura","2026-03",2026-03-01,"Buenaventura","Municipality only",2,0,19,0,6,27,5,0,0
"arauca","2018-01",2018-01-01,"Arauca","Entire department",36,15,14,14,7,86,5,0,0
"arauca","2018-02",2018-02-01,"Arauca","Entire department",13,3,5,14,10,45,5,0,0
"arauca","2018-03",2018-03-01,"Arauca","Entire department",14,7,8,17,5,51,5,0,0
"arauca","2018-04",2018-04-01,"Arauca","Entire department",15,11,12,1,9,48,5,0,0
"arauca","2018-05",2018-05-01,"Arauca","Entire department",10,7,7,5,10,39,5,0,0
"arauca","2018-06",2018-06-01,"Arauca","Entire department",8,4,7,3,13,35,5,0,0
"arauca","2018-07",2018-07-01,"Arauca","Entire department",15,8,9,14,8,54,5,0,0
"arauca","2018-08",2018-08-01,"Arauca","Entire department",22,11,17,13,8,71,5,0,0
"arauca","2018-09",2018-09-01,"Arauca","Entire department",9,4,3,7,12,35,5,0,0
"arauca","2018-10",2018-10-01,"Arauca","Entire department",14,11,15,3,6,49,5,0,0
"arauca","2018-11",2018-11-01,"Arauca","Entire department",15,7,7,13,18,60,5,0,0
"arauca","2018-12",2018-12-01,"Arauca","Entire department",10,8,7,6,7,38,5,0,0
"arauca","2019-01",2019-01-01,"Arauca","Entire department",19,8,7,12,11,57,5,0,0
"arauca","2019-02",2019-02-01,"Arauca","Entire department",33,14,23,8,9,87,5,0,0
"arauca","2019-03",2019-03-01,"Arauca","Entire department",29,16,18,14,9,86,5,0,0
"arauca","2019-04",2019-04-01,"Arauca","Entire department",15,7,10,11,10,53,5,0,0
"arauca","2019-05",2019-05-01,"Arauca","Entire department",33,17,19,29,9,107,5,0,0
"arauca","2019-06",2019-06-01,"Arauca","Entire department",23,10,16,10,13,72,5,0,0
"arauca","2019-07",2019-07-01,"Arauca","Entire department",17,10,13,20,11,71,5,0,0
"arauca","2019-08",2019-08-01,"Arauca","Entire department",11,7,6,10,6,40,5,0,0
"arauca","2019-09",2019-09-01,"Arauca","Entire department",18,5,8,12,16,59,5,0,0
"arauca","2019-10",2019-10-01,"Arauca","Entire department",6,2,2,3,22,35,5,0,0
"arauca","2019-11",2019-11-01,"Arauca","Entire department",9,2,5,7,15,38,5,0,0
"arauca","2019-12",2019-12-01,"Arauca","Entire department",4,3,11,0,10,28,5,0,0
"arauca","2020-01",2020-01-01,"Arauca","Entire department",15,4,7,17,11,54,5,0,0
"arauca","2020-02",2020-02-01,"Arauca","Entire department",6,1,8,20,11,46,5,0,0
"arauca","2020-03",2020-03-01,"Arauca","Entire department",5,5,7,1,8,26,5,0,0
"arauca","2020-04",2020-04-01,"Arauca","Entire department",5,4,2,1,2,14,5,0,0
"arauca","2020-05",2020-05-01,"Arauca","Entire department",13,4,4,11,12,44,5,0,0
"arauca","2020-06",2020-06-01,"Arauca","Entire department",12,2,4,1,9,28,5,0,0
"arauca","2020-07",2020-07-01,"Arauca","Entire department",11,4,8,7,11,41,5,0,0
"arauca","2020-08",2020-08-01,"Arauca","Entire department",12,7,12,1,12,44,5,0,0
"arauca","2020-09",2020-09-01,"Arauca","Entire department",28,7,8,7,8,58,5,0,0
"arauca","2020-10",2020-10-01,"Arauca","Entire department",5,2,5,3,10,25,5,0,0
"arauca","2020-11",2020-11-01,"Arauca","Entire department",12,9,7,2,7,37,5,0,0
"arauca","2020-12",2020-12-01,"Arauca","Entire department",14,6,9,8,5,42,5,0,0
"arauca","2021-01",2021-01-01,"Arauca","Entire department",19,6,8,8,6,47,5,0,0
"arauca","2021-02",2021-02-01,"Arauca","Entire department",14,5,16,3,5,43,5,0,0
"arauca","2021-03",2021-03-01,"Arauca","Entire department",22,14,10,5,8,59,5,0,0
"arauca","2021-04",2021-04-01,"Arauca","Entire department",9,5,11,0,11,36,5,0,0
"arauca","2021-05",2021-05-01,"Arauca","Entire department",10,7,16,2,9,44,5,0,0
"arauca","2021-06",2021-06-01,"Arauca","Entire department",8,3,8,3,9,31,5,0,0
"arauca","2021-07",2021-07-01,"Arauca","Entire department",12,7,17,4,7,47,5,0,0
"arauca","2021-08",2021-08-01,"Arauca","Entire department",10,2,27,3,13,55,5,0,0
"arauca","2021-09",2021-09-01,"Arauca","Entire department",15,6,21,7,13,62,5,0,0
"arauca","2021-10",2021-10-01,"Arauca","Entire department",11,6,15,4,8,44,5,0,0
"arauca","2021-11",2021-11-01,"Arauca","Entire department",7,7,12,3,2,31,5,0,0
"arauca","2021-12",2021-12-01,"Arauca","Entire department",5,3,9,3,7,27,5,0,0
"arauca","2022-01",2022-01-01,"Arauca","Entire department",28,19,64,13,12,136,5,0,1
"arauca","2022-02",2022-02-01,"Arauca","Entire department",27,20,39,3,8,97,5,0,1
"arauca","2022-03",2022-03-01,"Arauca","Entire department",8,5,30,0,6,49,5,0,1
"arauca","2022-04",2022-04-01,"Arauca","Entire department",7,5,24,1,4,41,5,0,1
"arauca","2022-05",2022-05-01,"Arauca","Entire department",15,12,25,4,4,60,5,0,1
"arauca","2022-06",2022-06-01,"Arauca","Entire department",17,13,32,1,2,65,5,0,1
"arauca","2022-07",2022-07-01,"Arauca","Entire department",11,6,21,1,6,45,5,0,1
"arauca","2022-08",2022-08-01,"Arauca","Entire department",22,21,23,1,3,70,5,1,1
"arauca","2022-09",2022-09-01,"Arauca","Entire department",12,9,15,0,6,42,5,1,1
"arauca","2022-10",2022-10-01,"Arauca","Entire department",19,8,11,2,7,47,5,1,1
"arauca","2022-11",2022-11-01,"Arauca","Entire department",37,29,28,8,17,119,5,1,1
"arauca","2022-12",2022-12-01,"Arauca","Entire department",16,13,32,0,10,71,5,1,1
"arauca","2023-01",2023-01-01,"Arauca","Entire department",12,10,20,0,8,50,5,1,1
"arauca","2023-02",2023-02-01,"Arauca","Entire department",29,20,14,6,5,74,5,1,1
"arauca","2023-03",2023-03-01,"Arauca","Entire department",30,11,13,7,7,68,5,1,1
"arauca","2023-04",2023-04-01,"Arauca","Entire department",15,8,4,1,3,31,5,1,1
"arauca","2023-05",2023-05-01,"Arauca","Entire department",13,12,12,9,4,50,5,1,1
"arauca","2023-06",2023-06-01,"Arauca","Entire department",16,11,15,4,11,57,5,1,1
"arauca","2023-07",2023-07-01,"Arauca","Entire department",23,13,3,8,3,50,5,1,1
"arauca","2023-08",2023-08-01,"Arauca","Entire department",29,11,8,1,6,55,5,1,1
"arauca","2023-09",2023-09-01,"Arauca","Entire department",30,9,19,2,2,62,5,1,1
"arauca","2023-10",2023-10-01,"Arauca","Entire department",11,10,7,6,7,41,5,1,1
"arauca","2023-11",2023-11-01,"Arauca","Entire department",16,15,10,2,8,51,5,1,1
"arauca","2023-12",2023-12-01,"Arauca","Entire department",18,17,15,3,11,64,5,1,1
"arauca","2024-01",2024-01-01,"Arauca","Entire department",17,16,7,2,8,50,5,1,1
"arauca","2024-02",2024-02-01,"Arauca","Entire department",6,6,2,4,10,28,5,1,1
"arauca","2024-03",2024-03-01,"Arauca","Entire department",22,21,15,3,3,64,5,1,1
"arauca","2024-04",2024-04-01,"Arauca","Entire department",27,26,13,1,6,73,5,1,1
"arauca","2024-05",2024-05-01,"Arauca","Entire department",19,18,20,1,6,64,5,1,1
"arauca","2024-06",2024-06-01,"Arauca","Entire department",12,12,15,8,5,52,5,1,1
"arauca","2024-07",2024-07-01,"Arauca","Entire department",10,9,15,12,4,50,5,1,1
"arauca","2024-08",2024-08-01,"Arauca","Entire department",26,16,18,14,5,79,5,1,1
"arauca","2024-09",2024-09-01,"Arauca","Entire department",18,9,15,14,7,63,5,0,1
"arauca","2024-10",2024-10-01,"Arauca","Entire department",24,19,13,5,8,69,5,0,1
"arauca","2024-11",2024-11-01,"Arauca","Entire department",26,19,21,5,6,77,5,0,1
"arauca","2024-12",2024-12-01,"Arauca","Entire department",15,12,12,2,7,48,5,0,1
"arauca","2025-01",2025-01-01,"Arauca","Entire department",13,6,7,15,4,45,5,0,1
"arauca","2025-02",2025-02-01,"Arauca","Entire department",11,4,7,11,4,37,5,0,1
"arauca","2025-03",2025-03-01,"Arauca","Entire department",29,14,10,8,5,66,5,0,1
"arauca","2025-04",2025-04-01,"Arauca","Entire department",19,9,6,8,3,45,5,0,1
"arauca","2025-05",2025-05-01,"Arauca","Entire department",18,7,2,5,6,38,5,0,1
"arauca","2025-06",2025-06-01,"Arauca","Entire department",10,3,8,1,5,27,5,0,1
"arauca","2025-07",2025-07-01,"Arauca","Entire department",14,7,9,10,6,46,5,0,1
"arauca","2025-08",2025-08-01,"Arauca","Entire department",23,12,13,7,5,60,5,0,1
"arauca","2025-09",2025-09-01,"Arauca","Entire department",29,20,18,7,9,83,5,0,1
"arauca","2025-10",2025-10-01,"Arauca","Entire department",17,14,12,4,9,56,5,0,1
"arauca","2025-11",2025-11-01,"Arauca","Entire department",9,4,8,6,9,36,5,0,1
"arauca","2025-12",2025-12-01,"Arauca","Entire department",7,5,5,3,13,33,5,0,1
"arauca","2026-01",2026-01-01,"Arauca","Entire department",11,5,3,6,8,33,5,0,1
"arauca","2026-02",2026-02-01,"Arauca","Entire department",14,5,6,7,14,46,5,0,1
"arauca","2026-03",2026-03-01,"Arauca","Entire department",3,2,7,2,7,21,5,0,1
"tumaco","2018-01",2018-01-01,"Tumaco","Tumaco regional cluster",17,12,3,0,1,33,5,0,1
"tumaco","2018-02",2018-02-01,"Tumaco","Tumaco regional cluster",17,11,1,5,0,34,5,0,1
"tumaco","2018-03",2018-03-01,"Tumaco","Tumaco regional cluster",17,7,2,2,0,28,5,0,1
"tumaco","2018-04",2018-04-01,"Tumaco","Tumaco regional cluster",22,11,6,3,0,42,5,0,1
"tumaco","2018-05",2018-05-01,"Tumaco","Tumaco regional cluster",17,10,3,0,2,32,5,0,1
"tumaco","2018-06",2018-06-01,"Tumaco","Tumaco regional cluster",21,15,3,0,0,39,5,0,1
"tumaco","2018-07",2018-07-01,"Tumaco","Tumaco regional cluster",19,14,11,0,0,44,5,0,1
"tumaco","2018-08",2018-08-01,"Tumaco","Tumaco regional cluster",13,8,5,0,0,26,5,0,1
"tumaco","2018-09",2018-09-01,"Tumaco","Tumaco regional cluster",14,8,6,0,0,28,5,0,1
"tumaco","2018-10",2018-10-01,"Tumaco","Tumaco regional cluster",15,9,1,0,1,26,5,0,1
"tumaco","2018-11",2018-11-01,"Tumaco","Tumaco regional cluster",19,14,0,1,0,34,5,0,1
"tumaco","2018-12",2018-12-01,"Tumaco","Tumaco regional cluster",10,8,0,0,1,19,5,0,1
"tumaco","2019-01",2019-01-01,"Tumaco","Tumaco regional cluster",13,10,0,1,2,26,5,0,1
"tumaco","2019-02",2019-02-01,"Tumaco","Tumaco regional cluster",7,3,2,2,1,15,5,0,1
"tumaco","2019-03",2019-03-01,"Tumaco","Tumaco regional cluster",20,12,3,0,2,37,5,0,1
"tumaco","2019-04",2019-04-01,"Tumaco","Tumaco regional cluster",10,1,5,0,0,16,5,0,1
"tumaco","2019-05",2019-05-01,"Tumaco","Tumaco regional cluster",2,2,4,0,0,8,5,0,1
"tumaco","2019-06",2019-06-01,"Tumaco","Tumaco regional cluster",6,6,4,0,1,17,5,0,1
"tumaco","2019-07",2019-07-01,"Tumaco","Tumaco regional cluster",1,1,1,1,1,5,5,0,1
"tumaco","2019-08",2019-08-01,"Tumaco","Tumaco regional cluster",2,1,1,1,2,7,5,0,1
"tumaco","2019-09",2019-09-01,"Tumaco","Tumaco regional cluster",1,1,0,0,0,2,5,0,1
"tumaco","2019-10",2019-10-01,"Tumaco","Tumaco regional cluster",4,3,3,1,2,13,5,0,1
"tumaco","2019-11",2019-11-01,"Tumaco","Tumaco regional cluster",2,0,0,0,0,2,5,0,1
"tumaco","2019-12",2019-12-01,"Tumaco","Tumaco regional cluster",2,1,5,0,0,8,5,0,1
"tumaco","2020-01",2020-01-01,"Tumaco","Tumaco regional cluster",14,4,7,2,0,27,5,0,1
"tumaco","2020-02",2020-02-01,"Tumaco","Tumaco regional cluster",8,3,1,0,1,13,5,0,1
"tumaco","2020-03",2020-03-01,"Tumaco","Tumaco regional cluster",7,1,7,1,2,18,5,0,1
"tumaco","2020-04",2020-04-01,"Tumaco","Tumaco regional cluster",8,8,2,0,1,19,5,0,1
"tumaco","2020-05",2020-05-01,"Tumaco","Tumaco regional cluster",8,4,1,1,0,14,5,0,1
"tumaco","2020-06",2020-06-01,"Tumaco","Tumaco regional cluster",4,0,3,0,1,8,5,0,1
"tumaco","2020-07",2020-07-01,"Tumaco","Tumaco regional cluster",9,6,6,0,0,21,5,0,1
"tumaco","2020-08",2020-08-01,"Tumaco","Tumaco regional cluster",9,6,2,0,1,18,5,0,1
"tumaco","2020-09",2020-09-01,"Tumaco","Tumaco regional cluster",12,8,0,0,0,20,5,0,1
"tumaco","2020-10",2020-10-01,"Tumaco","Tumaco regional cluster",7,5,2,0,0,14,5,0,1
"tumaco","2020-11",2020-11-01,"Tumaco","Tumaco regional cluster",31,23,6,1,0,61,5,0,1
"tumaco","2020-12",2020-12-01,"Tumaco","Tumaco regional cluster",6,4,5,0,0,15,5,0,1
"tumaco","2021-01",2021-01-01,"Tumaco","Tumaco regional cluster",8,6,7,1,1,23,5,0,1
"tumaco","2021-02",2021-02-01,"Tumaco","Tumaco regional cluster",12,8,5,0,1,26,5,0,1
"tumaco","2021-03",2021-03-01,"Tumaco","Tumaco regional cluster",7,4,2,0,0,13,5,0,1
"tumaco","2021-04",2021-04-01,"Tumaco","Tumaco regional cluster",22,14,3,0,1,40,5,0,1
"tumaco","2021-05",2021-05-01,"Tumaco","Tumaco regional cluster",8,1,5,1,0,15,5,0,1
"tumaco","2021-06",2021-06-01,"Tumaco","Tumaco regional cluster",3,2,6,0,0,11,5,0,1
"tumaco","2021-07",2021-07-01,"Tumaco","Tumaco regional cluster",5,4,7,1,1,18,5,0,1
"tumaco","2021-08",2021-08-01,"Tumaco","Tumaco regional cluster",5,0,0,1,0,6,5,0,1
"tumaco","2021-09",2021-09-01,"Tumaco","Tumaco regional cluster",6,6,11,2,1,26,5,0,1
"tumaco","2021-10",2021-10-01,"Tumaco","Tumaco regional cluster",3,2,1,0,1,7,5,0,1
"tumaco","2021-11",2021-11-01,"Tumaco","Tumaco regional cluster",4,3,1,0,0,8,5,0,1
"tumaco","2021-12",2021-12-01,"Tumaco","Tumaco regional cluster",3,2,2,0,0,7,5,0,1
"tumaco","2022-01",2022-01-01,"Tumaco","Tumaco regional cluster",5,3,3,0,0,11,5,0,1
"tumaco","2022-02",2022-02-01,"Tumaco","Tumaco regional cluster",3,3,2,0,1,9,5,0,1
"tumaco","2022-03",2022-03-01,"Tumaco","Tumaco regional cluster",3,0,0,0,0,3,5,0,1
"tumaco","2022-04",2022-04-01,"Tumaco","Tumaco regional cluster",3,1,1,0,2,7,5,0,1
"tumaco","2022-05",2022-05-01,"Tumaco","Tumaco regional cluster",2,1,1,1,0,5,5,0,1
"tumaco","2022-06",2022-06-01,"Tumaco","Tumaco regional cluster",3,1,0,0,1,5,5,0,1
"tumaco","2022-07",2022-07-01,"Tumaco","Tumaco regional cluster",6,6,7,0,1,20,5,0,1
"tumaco","2022-08",2022-08-01,"Tumaco","Tumaco regional cluster",1,0,1,0,0,2,5,0,1
"tumaco","2022-09",2022-09-01,"Tumaco","Tumaco regional cluster",4,4,5,0,1,14,5,0,1
"tumaco","2022-10",2022-10-01,"Tumaco","Tumaco regional cluster",7,3,0,0,0,10,5,0,1
"tumaco","2022-11",2022-11-01,"Tumaco","Tumaco regional cluster",14,8,4,0,1,27,5,0,1
"tumaco","2022-12",2022-12-01,"Tumaco","Tumaco regional cluster",8,5,1,1,1,16,5,0,1
"tumaco","2023-01",2023-01-01,"Tumaco","Tumaco regional cluster",11,8,1,1,0,21,5,0,1
"tumaco","2023-02",2023-02-01,"Tumaco","Tumaco regional cluster",14,10,2,0,0,26,5,0,1
"tumaco","2023-03",2023-03-01,"Tumaco","Tumaco regional cluster",7,7,4,0,1,19,5,0,1
"tumaco","2023-04",2023-04-01,"Tumaco","Tumaco regional cluster",4,1,1,0,1,7,5,0,1
"tumaco","2023-05",2023-05-01,"Tumaco","Tumaco regional cluster",4,3,3,0,1,11,5,0,1
"tumaco","2023-06",2023-06-01,"Tumaco","Tumaco regional cluster",4,1,2,0,0,7,5,0,1
"tumaco","2023-07",2023-07-01,"Tumaco","Tumaco regional cluster",13,6,2,0,1,22,5,0,1
"tumaco","2023-08",2023-08-01,"Tumaco","Tumaco regional cluster",10,5,5,0,0,20,5,0,1
"tumaco","2023-09",2023-09-01,"Tumaco","Tumaco regional cluster",3,3,1,2,1,10,5,0,1
"tumaco","2023-10",2023-10-01,"Tumaco","Tumaco regional cluster",5,5,2,0,1,13,5,0,1
"tumaco","2023-11",2023-11-01,"Tumaco","Tumaco regional cluster",0,0,1,0,1,2,5,0,1
"tumaco","2023-12",2023-12-01,"Tumaco","Tumaco regional cluster",2,1,2,0,2,7,5,0,1
"tumaco","2024-01",2024-01-01,"Tumaco","Tumaco regional cluster",4,3,1,0,1,9,5,0,1
"tumaco","2024-02",2024-02-01,"Tumaco","Tumaco regional cluster",0,0,1,0,2,3,5,0,1
"tumaco","2024-03",2024-03-01,"Tumaco","Tumaco regional cluster",2,2,2,1,0,7,5,0,1
"tumaco","2024-04",2024-04-01,"Tumaco","Tumaco regional cluster",5,1,3,0,3,12,5,0,1
"tumaco","2024-05",2024-05-01,"Tumaco","Tumaco regional cluster",0,0,1,0,0,1,5,0,1
"tumaco","2024-06",2024-06-01,"Tumaco","Tumaco regional cluster",1,0,0,0,2,3,5,1,1
"tumaco","2024-07",2024-07-01,"Tumaco","Tumaco regional cluster",2,2,2,0,0,6,5,1,1
"tumaco","2024-08",2024-08-01,"Tumaco","Tumaco regional cluster",2,2,4,1,2,11,5,1,1
"tumaco","2024-09",2024-09-01,"Tumaco","Tumaco regional cluster",2,1,3,1,1,8,5,1,1
"tumaco","2024-10",2024-10-01,"Tumaco","Tumaco regional cluster",1,1,0,0,0,2,5,1,1
"tumaco","2024-11",2024-11-01,"Tumaco","Tumaco regional cluster",2,2,0,0,0,4,5,1,1
"tumaco","2024-12",2024-12-01,"Tumaco","Tumaco regional cluster",1,0,0,0,0,1,5,1,1
"tumaco","2025-01",2025-01-01,"Tumaco","Tumaco regional cluster",1,1,0,1,0,3,5,1,1
"tumaco","2025-02",2025-02-01,"Tumaco","Tumaco regional cluster",1,1,0,0,0,2,5,1,1
"tumaco","2025-03",2025-03-01,"Tumaco","Tumaco regional cluster",2,2,2,0,0,6,5,1,1
"tumaco","2025-04",2025-04-01,"Tumaco","Tumaco regional cluster",1,0,0,0,0,1,5,1,1
"tumaco","2025-05",2025-05-01,"Tumaco","Tumaco regional cluster",2,2,3,0,1,8,5,1,1
"tumaco","2025-06",2025-06-01,"Tumaco","Tumaco regional cluster",3,2,1,0,1,7,5,1,1
"tumaco","2025-07",2025-07-01,"Tumaco","Tumaco regional cluster",5,3,0,0,1,9,5,1,1
"tumaco","2025-08",2025-08-01,"Tumaco","Tumaco regional cluster",3,1,2,0,0,6,5,1,1
"tumaco","2025-09",2025-09-01,"Tumaco","Tumaco regional cluster",4,3,1,0,1,9,5,1,1
"tumaco","2025-10",2025-10-01,"Tumaco","Tumaco regional cluster",2,0,0,0,1,3,5,1,1
"tumaco","2025-11",2025-11-01,"Tumaco","Tumaco regional cluster",0,0,0,0,0,0,5,1,1
"tumaco","2025-12",2025-12-01,"Tumaco","Tumaco regional cluster",0,0,0,0,1,1,5,1,1
"tumaco","2026-01",2026-01-01,"Tumaco","Tumaco regional cluster",1,0,0,0,1,2,5,1,1
"tumaco","2026-02",2026-02-01,"Tumaco","Tumaco regional cluster",0,0,0,0,0,0,5,1,1
"tumaco","2026-03",2026-03-01,"Tumaco","Tumaco regional cluster",2,2,1,0,0,5,5,0,1
