municipio,group,start_date,end_date,source,link,end_source,end_link
norte de santander,ELN,21/11/2022,17/01/2025,Mesa instalada Caracas; Semana,https://www.semana.com/politica/articulo/atencion-gobierno-confirmo-que-el-lunes-21-de-noviembre-en-venezuela-se-instala-la-mesa-para-los-dialogos-de-paz-con-el-eln/202218/,Petro suspende dialogos tras crimenes Catatumbo; Presidencia,https://www.presidencia.gov.co/prensa/Paginas/Presidente-Petro-suspende-dialogos-con-el-Eln-tras-crimenes-de-guerra-en-Catatumbo-250117.aspx
choco,ELN,21/11/2022,17/01/2025,Frente Occidental ELN (San Juan); Semana,https://www.semana.com/politica/articulo/atencion-gobierno-confirmo-que-el-lunes-21-de-noviembre-en-venezuela-se-instala-la-mesa-para-los-dialogos-de-paz-con-el-eln/202218/,Petro suspende dialogos tras crimenes Catatumbo; Presidencia,https://www.presidencia.gov.co/prensa/Paginas/Presidente-Petro-suspende-dialogos-con-el-Eln-tras-crimenes-de-guerra-en-Catatumbo-250117.aspx
valle del cauca,ELN,21/11/2022,17/01/2025,Frente Occidental ELN (Bajo Calima); Semana,https://www.semana.com/politica/articulo/atencion-gobierno-confirmo-que-el-lunes-21-de-noviembre-en-venezuela-se-instala-la-mesa-para-los-dialogos-de-paz-con-el-eln/202218/,Petro suspende dialogos tras crimenes Catatumbo; Presidencia,https://www.presidencia.gov.co/prensa/Paginas/Presidente-Petro-suspende-dialogos-con-el-Eln-tras-crimenes-de-guerra-en-Catatumbo-250117.aspx
bolivar,ELN,21/11/2022,17/01/2025,Sur de Bolivar; Frente Norte ELN; Semana,https://www.semana.com/politica/articulo/atencion-gobierno-confirmo-que-el-lunes-21-de-noviembre-en-venezuela-se-instala-la-mesa-para-los-dialogos-de-paz-con-el-eln/202218/,Petro suspende dialogos tras crimenes Catatumbo; Presidencia,https://www.presidencia.gov.co/prensa/Paginas/Presidente-Petro-suspende-dialogos-con-el-Eln-tras-crimenes-de-guerra-en-Catatumbo-250117.aspx
cesar,ELN,21/11/2022,17/01/2025,Sur de Cesar; Frente Norte ELN; Semana,https://www.semana.com/politica/articulo/atencion-gobierno-confirmo-que-el-lunes-21-de-noviembre-en-venezuela-se-instala-la-mesa-para-los-dialogos-de-paz-con-el-eln/202218/,Petro suspende dialogos tras crimenes Catatumbo; Presidencia,https://www.presidencia.gov.co/prensa/Paginas/Presidente-Petro-suspende-dialogos-con-el-Eln-tras-crimenes-de-guerra-en-Catatumbo-250117.aspx
casanare,ELN,21/11/2022,17/01/2025,Frente Jose David Suarez; Defensoria AT 016-2024,https://www.elespectador.com/judicial/defensoria-emitio-alerta-temprana-en-casanare-por-disputas-entre-el-clan-del-golfo-eln-y-disidencias-de-las-farc/,Petro suspende dialogos tras crimenes Catatumbo; Presidencia,https://www.presidencia.gov.co/prensa/Paginas/Presidente-Petro-suspende-dialogos-con-el-Eln-tras-crimenes-de-guerra-en-Catatumbo-250117.aspx
santander,ELN,21/11/2022,17/01/2025,Frente Nororiental ELN; Defensoria,https://www.semana.com/politica/articulo/atencion-gobierno-confirmo-que-el-lunes-21-de-noviembre-en-venezuela-se-instala-la-mesa-para-los-dialogos-de-paz-con-el-eln/202218/,Petro suspende dialogos tras crimenes Catatumbo; Presidencia,https://www.presidencia.gov.co/prensa/Paginas/Presidente-Petro-suspende-dialogos-con-el-Eln-tras-crimenes-de-guerra-en-Catatumbo-250117.aspx
antioquia,Valle de Aburrá urban peace,02/06/2023,31/12/2099,Mesa instalada La Paz Itagüí; FIP,https://ideaspaz.org/publicaciones/investigaciones-analisis/2024-06/negociar-la-paz-cuando-no-hay-guerra-el-tablero-de-la-paz-total-en-el-valle-de-aburra,ongoing as of 2026-05,
choco,Quibdó urban peace,18/08/2023,31/12/2099,Mesa instalada Quibdó; El Espectador,https://www.elespectador.com/colombia-20/paz-y-memoria/paz-urbana-en-quibdo-las-bandas-que-negocian-la-paz-con-petro-locos-yam-rps-mexicanos/,ongoing as of 2026-05,
cauca,EMC,16/10/2023,17/04/2024,Mesa instalada Tibú; Infobae,https://www.infobae.com/colombia/2023/10/16/en-vivo-se-instalo-la-mesa-de-dialogos-entre-el-gobierno-y-las-disidencias-de-ivan-mordisco-en-tibu-norte-de-santander/,Ruptura cese al fuego Mordisco; El Espectador,https://www.elespectador.com/colombia-20/conflicto/petro-rompe-cese-al-fuego-con-ivan-mordisco-asi-se-gesto-division-del-emc-en-dos-bandos/
nariño,EMC,16/10/2023,17/04/2024,Mesa instalada Tibú; Infobae,https://www.infobae.com/colombia/2023/10/16/en-vivo-se-instalo-la-mesa-de-dialogos-entre-el-gobierno-y-las-disidencias-de-ivan-mordisco-en-tibu-norte-de-santander/,Ruptura cese al fuego Mordisco; El Espectador,https://www.elespectador.com/colombia-20/conflicto/petro-rompe-cese-al-fuego-con-ivan-mordisco-asi-se-gesto-division-del-emc-en-dos-bandos/
putumayo,EMC,16/10/2023,17/04/2024,Mesa instalada Tibú; Infobae,https://www.infobae.com/colombia/2023/10/16/en-vivo-se-instalo-la-mesa-de-dialogos-entre-el-gobierno-y-las-disidencias-de-ivan-mordisco-en-tibu-norte-de-santander/,Ruptura cese al fuego Mordisco; El Espectador,https://www.elespectador.com/colombia-20/conflicto/petro-rompe-cese-al-fuego-con-ivan-mordisco-asi-se-gesto-division-del-emc-en-dos-bandos/
caquetá,EMC,16/10/2023,17/04/2024,Mesa instalada Tibú; Infobae,https://www.infobae.com/colombia/2023/10/16/en-vivo-se-instalo-la-mesa-de-dialogos-entre-el-gobierno-y-las-disidencias-de-ivan-mordisco-en-tibu-norte-de-santander/,Ruptura cese al fuego Mordisco; El Espectador,https://www.elespectador.com/colombia-20/conflicto/petro-rompe-cese-al-fuego-con-ivan-mordisco-asi-se-gesto-division-del-emc-en-dos-bandos/
meta,EMC,16/10/2023,17/04/2024,Mesa instalada Tibú; Infobae,https://www.infobae.com/colombia/2023/10/16/en-vivo-se-instalo-la-mesa-de-dialogos-entre-el-gobierno-y-las-disidencias-de-ivan-mordisco-en-tibu-norte-de-santander/,Ruptura cese al fuego Mordisco; El Espectador,https://www.elespectador.com/colombia-20/conflicto/petro-rompe-cese-al-fuego-con-ivan-mordisco-asi-se-gesto-division-del-emc-en-dos-bandos/
guaviare,EMC,16/10/2023,17/04/2024,Mesa instalada Tibú; Infobae,https://www.infobae.com/colombia/2023/10/16/en-vivo-se-instalo-la-mesa-de-dialogos-entre-el-gobierno-y-las-disidencias-de-ivan-mordisco-en-tibu-norte-de-santander/,Ruptura cese al fuego Mordisco; El Espectador,https://www.elespectador.com/colombia-20/conflicto/petro-rompe-cese-al-fuego-con-ivan-mordisco-asi-se-gesto-division-del-emc-en-dos-bandos/
huila,EMC,16/10/2023,17/04/2024,Frentes Iván Díaz/Darío Gutiérrez; Defensoria AT 022-2024,https://www.infobae.com/colombia/2024/09/01/defensoria-emitio-alerta-por-aumento-de-violencia-en-el-huila-en-el-territorio-hay-varios-bloques-de-las-disidencias-de-las-farc/,Ruptura cese al fuego Mordisco; El Espectador,https://www.elespectador.com/colombia-20/conflicto/petro-rompe-cese-al-fuego-con-ivan-mordisco-asi-se-gesto-division-del-emc-en-dos-bandos/
tolima,EMC,16/10/2023,17/04/2024,Sur de Tolima EMC; leapaz/InsightCrime,https://leapaz.org/2024/11/27/ex-farc-ep/,Ruptura cese al fuego Mordisco; El Espectador,https://www.elespectador.com/colombia-20/conflicto/petro-rompe-cese-al-fuego-con-ivan-mordisco-asi-se-gesto-division-del-emc-en-dos-bandos/
norte de santander,EMC,16/10/2023,17/04/2024,Mesa instalada Tibú (sede de la mesa); Infobae,https://www.infobae.com/colombia/2023/10/16/en-vivo-se-instalo-la-mesa-de-dialogos-entre-el-gobierno-y-las-disidencias-de-ivan-mordisco-en-tibu-norte-de-santander/,Ruptura cese al fuego Mordisco; El Espectador,https://www.elespectador.com/colombia-20/conflicto/petro-rompe-cese-al-fuego-con-ivan-mordisco-asi-se-gesto-division-del-emc-en-dos-bandos/
putumayo,Segunda Marquetalia,01/06/2024,16/11/2024,Mesa instalada Caracas (aligned with case treatment_periods.csv tumaco); Infobae,https://www.infobae.com/colombia/2024/05/31/dialogos-de-paz-con-la-segunda-marquetalia-la-mesa-se-instalara-en-junio/,Carta de Iván Márquez rompe mesa; Presidencia,https://www.presidencia.gov.co/prensa/Paginas/Gobierno-ratifica-que-desde-noviembre-de-2024-no-existen-dialogos-de-paz-con-la-Segunda-Marquetalia-260322.aspx
nariño,Segunda Marquetalia,01/06/2024,16/11/2024,Mesa instalada Caracas (aligned with case treatment_periods.csv tumaco); Infobae,https://www.infobae.com/colombia/2024/05/31/dialogos-de-paz-con-la-segunda-marquetalia-la-mesa-se-instalara-en-junio/,Carta de Iván Márquez rompe mesa; Presidencia,https://www.presidencia.gov.co/prensa/Paginas/Gobierno-ratifica-que-desde-noviembre-de-2024-no-existen-dialogos-de-paz-con-la-Segunda-Marquetalia-260322.aspx
magdalena,ACSN/Pachencas,01/08/2024,04/04/2025,Resolución 300 espacio sociojurídico; ABColombia,https://www.abcolombia.org.uk/acsn-peace-talks-timeline/,Suspensión tras operación militar Palmor; Infobae,https://www.infobae.com/colombia/2025/04/04/las-autodefensas-conquistadoras-de-la-sierra-suspendieron-los-dialogos-con-el-gobierno-petreo-tras-ataque-militar/
la guajira,ACSN/Pachencas,01/08/2024,04/04/2025,Resolución 300; Sierra Nevada; ABColombia,https://www.abcolombia.org.uk/acsn-peace-talks-timeline/,Suspensión tras operación militar Palmor; Infobae,https://www.infobae.com/colombia/2025/04/04/las-autodefensas-conquistadoras-de-la-sierra-suspendieron-los-dialogos-con-el-gobierno-petreo-tras-ataque-militar/
cesar,ACSN/Pachencas,01/08/2024,04/04/2025,Resolución 300; Sierra Nevada noroccidental,https://www.abcolombia.org.uk/acsn-peace-talks-timeline/,Suspensión tras operación militar Palmor; Infobae,https://www.infobae.com/colombia/2025/04/04/las-autodefensas-conquistadoras-de-la-sierra-suspendieron-los-dialogos-con-el-gobierno-petreo-tras-ataque-militar/
córdoba,AGC,05/08/2024,31/12/2099,Resolución 279/2024; Infobae,https://www.infobae.com/america/agencias/2024/08/05/gobierno-abrira-espacio-de-dialogo-con-clan-del-golfo-el-mayor-grupo-criminal-de-colombia/,ongoing as of 2026-05,
choco,AGC,05/08/2024,31/12/2099,Resolución 279/2024; Infobae,https://www.infobae.com/america/agencias/2024/08/05/gobierno-abrira-espacio-de-dialogo-con-clan-del-golfo-el-mayor-grupo-criminal-de-colombia/,ongoing as of 2026-05,
antioquia,AGC,05/08/2024,31/12/2099,Resolución 279/2024; Infobae,https://www.infobae.com/america/agencias/2024/08/05/gobierno-abrira-espacio-de-dialogo-con-clan-del-golfo-el-mayor-grupo-criminal-de-colombia/,ongoing as of 2026-05,
bolivar,AGC,05/08/2024,31/12/2099,Resolución 279/2024; Infobae,https://www.infobae.com/america/agencias/2024/08/05/gobierno-abrira-espacio-de-dialogo-con-clan-del-golfo-el-mayor-grupo-criminal-de-colombia/,ongoing as of 2026-05,
sucre,AGC,05/08/2024,31/12/2099,Bloque Roberto Vargas Gutiérrez; El Heraldo,https://www.elheraldo.co/sucre/emiten-alerta-temprana-por-presencia-del-clan-del-golfo-en-montes-de-maria-962711,ongoing as of 2026-05,
atlantico,AGC,05/08/2024,31/12/2099,Bloque Aristides Mesa Páez; Wikipedia/Semana,https://en.wikipedia.org/wiki/Clan_del_Golfo,ongoing as of 2026-05,
magdalena,AGC,05/08/2024,31/12/2099,Gobernadora Magdalena; El Heraldo,https://www.elheraldo.co/magdalena/2026/03/11/gobernadora-del-magdalena-pide-ayuda-para-frenar-la-expansion-del-clan-del-golfo/,ongoing as of 2026-05,
santander,AGC,05/08/2024,31/12/2099,Bloque Aristides Mesa Páez,https://en.wikipedia.org/wiki/Clan_del_Golfo,ongoing as of 2026-05,
casanare,AGC,05/08/2024,31/12/2099,Defensoria AT 016-2024,https://www.elespectador.com/judicial/defensoria-emitio-alerta-temprana-en-casanare-por-disputas-entre-el-clan-del-golfo-eln-y-disidencias-de-las-farc/,ongoing as of 2026-05,
risaralda,AGC,05/08/2024,31/12/2099,Subestructura Edwin Román Velásquez Valle; RCN/La Patria,https://www.rcnradio.com/colombia/eje-cafetero/proximas-elecciones-estan-en-riesgo-en-risaralda-por-presencia-del-clan-del-golfo-dice-la-moe,ongoing as of 2026-05,
nariño,Comuneros del Sur,13/09/2024,31/12/2099,Resolución 369/2024; SUIN-Juriscol,https://www.suin-juriscol.gov.co/viewDocument.asp?id=30054034,ongoing as of 2026-05,
nariño,CNEB/EMB (ex Segunda Marquetalia - Coordinadora Guerrillera del Pacífico),26/11/2024,31/12/2099,Estructuras de Segunda Marquetalia en Nariño se reagrupan bajo CNEB; El País / La Silla Vacía,https://www.elpais.com.co/colombia/proceso-de-paz-entre-el-gobierno-y-la-segunda-marquetalia-sobrevive-a-su-estado-critico-tras-la-muerte-de-un-negociador-clave-estos-son-los-acuerdos-2731.html,ongoing as of 2026-05 (consistent with thesis p.14 - successor structures continue dialogue),
norte de santander,CNEB/EMB,01/10/2024,31/12/2099,Cese al fuego Frente 33 EMBF; SwissInfo,https://www.swissinfo.ch/spa/gobierno-colombiano-y-frente-33-de-disidencias-acuerdan-una-%22zona-de-paz%22-en-el-catatumbo/89259208,ongoing as of 2026-05 (suspended then resumed April 2026); El Heraldo,https://www.elheraldo.co/colombia/2026/04/26/gobierno-nacional-y-ejercito-bolivariano-reanudan-dialogos-de-paz-tras-cierre-del-septimo-ciclo-y-anuncian-acuerdo/
caquetá,CNEB/EMB,01/10/2024,31/12/2099,Calarcá faction; LeaPaz,https://leapaz.org/cneb/,ongoing as of 2026-05 (suspended then resumed April 2026); El Heraldo,https://www.elheraldo.co/colombia/2026/04/26/gobierno-nacional-y-ejercito-bolivariano-reanudan-dialogos-de-paz-tras-cierre-del-septimo-ciclo-y-anuncian-acuerdo/
putumayo,CNEB/EMB,01/10/2024,31/12/2099,Calarcá faction; LeaPaz,https://leapaz.org/cneb/,ongoing as of 2026-05 (suspended then resumed April 2026); El Heraldo,https://www.elheraldo.co/colombia/2026/04/26/gobierno-nacional-y-ejercito-bolivariano-reanudan-dialogos-de-paz-tras-cierre-del-septimo-ciclo-y-anuncian-acuerdo/
meta,CNEB/EMB,01/10/2024,31/12/2099,Calarcá faction; LeaPaz,https://leapaz.org/cneb/,ongoing as of 2026-05 (suspended then resumed April 2026); El Heraldo,https://www.elheraldo.co/colombia/2026/04/26/gobierno-nacional-y-ejercito-bolivariano-reanudan-dialogos-de-paz-tras-cierre-del-septimo-ciclo-y-anuncian-acuerdo/
guaviare,CNEB/EMB,01/10/2024,31/12/2099,Calarcá faction; LeaPaz,https://leapaz.org/cneb/,ongoing as of 2026-05 (suspended then resumed April 2026); El Heraldo,https://www.elheraldo.co/colombia/2026/04/26/gobierno-nacional-y-ejercito-bolivariano-reanudan-dialogos-de-paz-tras-cierre-del-septimo-ciclo-y-anuncian-acuerdo/
huila,CNEB/EMB,01/10/2024,31/12/2099,Frentes Iván Díaz/Darío Gutiérrez bajo Calarcá; Defensoria AT 022-2024,https://www.infobae.com/colombia/2024/09/01/defensoria-emitio-alerta-por-aumento-de-violencia-en-el-huila-en-el-territorio-hay-varios-bloques-de-las-disidencias-de-las-farc/,ongoing as of 2026-05 (suspended then resumed April 2026); El Heraldo,https://www.elheraldo.co/colombia/2026/04/26/gobierno-nacional-y-ejercito-bolivariano-reanudan-dialogos-de-paz-tras-cierre-del-septimo-ciclo-y-anuncian-acuerdo/
